"","Variable","Df","SumOfSqs","R2","F","Pr..F."
"1","Treatment",3,397.087217275249,0.108404078061087,0.810562089796207,0.623
"2","Residual",20,3265.94118882849,0.891595921938913,NA,NA
"3","Total",23,3663.02840610374,1,NA,NA
