eigenvalue,variance.percent,cumulative.variance.percent
33.49946532466531,98.06478855096991,98.06478855096991
0.6384383596869271,1.8689349856407624,99.93372353661067
0.021586777096305337,0.06319213488722311,99.99691567149789
9.329516334180922e-4,0.0027310795492626653,99.99964675104715
1.2067176426146918e-4,3.5324895283210593e-4,99.99999999999999
1.190583963219586e-31,3.48526053994478e-31,99.99999999999999
