eigenvalue,variance.percent,cumulative.variance.percent
214.7508130211817,79.78806196914539,79.78806196914539
47.76831657982498,17.747739111268945,97.53580108041433
3.5994599074616667,1.3373357060291022,98.87313678644344
2.0885049127470032,0.775958689314421,99.64909547575786
0.5126270402457722,0.19046036417172948,99.83955583992959
0.20828293587606656,0.07738500060139929,99.91694084053098
0.17926829847118236,0.06660496370791918,99.9835458042389
0.04428094184194897,0.016452047291616378,99.99999785153052
5.782639155978392e-6,2.148469497421191e-6,100.00000000000001
